{"price": "\u533b\u751f", "name": "\u533b\u751f"}
{"price": "\u786c\u4ef6\u7814\u53d1", "name": "\u786c\u4ef6\u7814\u53d1"}
{"price": "\u7ecf\u8425\u7ba1\u7406", "name": "\u7ecf\u8425\u7ba1\u7406"}
{"price": "...", "name": "..."}
{"price": "\u786c\u4ef6\u7814\u53d1", "name": "\u786c\u4ef6\u7814\u53d1"}
{"price": "\u2026", "name": "\u2026"}
{"price": "\u672a\u77e5", "name": "\u672a\u77e5"}
{"price": "\u2026", "name": "\u2026"}
{"price": "\u2026", "name": "\u2026"}
{"price": "\u9ad8\u7ba1", "name": "\u9ad8\u7ba1"}
{"price": "\u4eba\u529bHR", "name": "\u4eba\u529bHR"}
{"price": "\u2026", "name": "\u2026"}
{"price": "\u9500\u552e", "name": "\u9500\u552e"}
{"price": "\u2026", "name": "\u2026"}
{"price": "\u8fd0\u8425/\u7f16\u8f91", "name": "\u8fd0\u8425/\u7f16\u8f91"}
{"price": "\u2026", "name": "\u2026"}
{"price": "\u9500\u552e/\u7406\u8d22", "name": "\u9500\u552e/\u7406\u8d22"}
{"price": "\u827a\u672f\u4f53\u80b2", "name": "\u827a\u672f\u4f53\u80b2"}
